connect to Loans USER db2inst1 USING db2pwd;

create schema LOAN;
set schema LOAN;

CREATE TABLE LOAN.loan_contracts(
Loan_id VARCHAR(20),
Accountid varchar(20),
loan_amount decimal(19,2),
tenure_in_months BIGINT,
interest_rate decimal(19,2),
risk_rating decimal(19,2),
contract_date Date
,created_date Date,
modified_date Date);

CREATE TABLE LOAN.loan_fulfillment(
Loan_id VARCHAR(20),
Payment_id varchar(20),
pre_emi_amount decimal(19,2),
emi_amount decimal(19,2),
release_date_from_investor date,
disburse_Date_to_borrower date,
pre_emi_due_date date,
emi_start_date date,
num_of_total_emi BIGINT,
pre_closure_flag Boolean,
pre_closure_date Date,
last_update_date Date,
created_date Date,
modified_date Date,
LOAN_AMOUNT numeric(32,8));

CREATE TABLE LOAN.repayment_schedule(
Loan_id VARCHAR(20),
Repayment_id varchar(20),
due_emi_amount decimal(19,2),
emi_amount_recieved decimal(19,2),
emi_due_date date,
receive_date date,
is_emi_payment_defaulted boolean,
is_emi_payment_advanced boolean,
created_date Date,
modified_date Date);


insert into LOAN.loan_contracts (loan_id, accountid, loan_amount, tenure_in_months, interest_rate, risk_rating, contract_date, created_date, modified_date) values
(10007, 'QHJQ16086668469152', 1000.00, 12, 0.72, 2.00, '2021-02-23', '2021-03-31', null),
(10009, 'HLAI21572998373138', 2500.00, 12, 0.93, 6.00, '2020-12-18', '2021-03-31', null),
(10013, 'KCKJ18671114336555', 1000.00, 12, 0.10, 9.00, '2020-03-07', '2021-03-31', null),
(10016, 'FEXD05586885217395', 1000.00, 12, 0.21, 3.00, '2020-01-31', '2021-03-31', null),
(10020, 'OWMO13159815531396', 1000.00, 12, 0.99, 1.00, '2019-06-21', '2021-03-31', null),
(10001, 'PROO16312832119888', 5500.00, 36, 0.42, 9.00, '2001-03-26', '2021-03-31', null),
(10003, 'RIBU23724670248274', 8000.00, 36, 0.95, 1.00, '1992-07-04', '2021-03-31', null),
(10005, 'VFUJ77913351687534', 8500.00, 36, 0.51, 6.00, '1994-09-28', '2021-03-31', null),
(10008, 'PBQE29682794358850', 7500.00, 36, 0.71, 5.00, '1998-03-15', '2021-03-31', null),
(10010, 'GYDY86766255852485', 10000.00, 36, 0.66, 7.00, '1990-02-03', '2021-03-31', null),
(10011, 'GUUW50787390184457', 8000.00, 36, 0.35, 6.00, '1990-07-09', '2021-03-31', null),
(10012, 'QXDA47880120626099', 5000.00, 36, 0.17, 3.00, '1998-04-11', '2021-03-31', null),
(10015, 'DGAU43221880473335', 8000.00, 36, 0.51, 7.00, '1994-08-26', '2021-03-31', null),
(10017, 'ABPJ22310077197043', 10000.00, 36, 0.87, 2.00, '1980-11-03', '2021-03-31', null),
(10014, 'BKPE50308352292616', 3500.00, 30, 0.80, 9.00, '2005-10-24', '2021-03-31', null),
(10018, 'WOTI92373271915628', 9500.00, 36, 0.60, 5.00, '1987-05-22', '2021-03-31', null),
(10019, 'EWCV00486175904362', 5000.00, 36, 0.80, 9.00, '2005-08-18', '2021-03-31', null),
(10002, 'XQKU81486757519770', 2000.00, 18, 0.60, 5.00, '2018-09-02', '2021-03-31', null),
(10004, 'YEVS12188246021778', 500.00, 18, 0.69, 5.00, '2018-09-06', '2021-03-31', null),
(10006, 'IXGT21878178714230', 2000.00, 18, 0.28, 2.00, '2018-09-06', '2021-03-31', null);

insert into LOAN.loan_fulfillment (loan_id, payment_id, pre_emi_amount, emi_amount, release_date_from_investor, disburse_date_to_borrower, pre_emi_due_date, emi_start_date, num_of_total_emi, pre_closure_flag, pre_closure_date, last_update_date, created_date, modified_date) values
(10007, 4, 0.00, 83.93, '2021-03-02', '2021-03-09', '2021-03-16', '2021-04-01', 12, 'false', null, '2021-03-01', '2021-04-01', null) ,
(10009, 5, 0.00, 210.27, '2021-01-08', '2021-01-15', '2021-01-22', '2021-02-01', 12, 'false', null, '2021-03-01', '2021-04-01', null),
(10013, 6, 0.00, 83.42, '2020-03-14', '2020-03-21', '2020-03-28', '2020-04-01', 12, 'false', null, '2021-03-01', '2021-04-01', null),
(10016, 7, 0.00, 83.51, '2020-02-07', '2020-02-14', '2020-02-21', '2020-03-01', 12, 'false', null, '2021-03-01', '2021-04-01', null),
(10020, 8, 0.00, 84.16, '2019-06-28', '2019-07-05', '2019-07-12', '2019-08-01', 12, 'false', null, '2021-03-01', '2021-04-01', null),
(10001, 24, 500.00, 139.53, '2001-04-23', '2001-04-30', '2001-05-07', '2001-05-01', 36, 'false', null, '2021-03-01', '2021-04-01', null),
(10003, 25, 1000.00, 196.56, '1992-08-01', '1992-08-08', '1992-08-15', '1992-09-01', 36, 'false', null, '2021-03-01', '2021-04-01', null),
(10005, 26, 1000.00, 209.54, '1994-10-26', '1994-11-02', '1994-11-09', '1994-12-01', 36, 'false', null, '2021-03-01', '2021-04-01', null),
(10008, 27, 500.00, 195.92, '1998-04-12', '1998-04-19', '1998-04-26', '1998-05-01', 36, 'false', null, '2021-03-01', '2021-04-01', null),
(10010, 28, 1000.00, 251.83, '1990-03-03', '1990-03-10', '1990-03-17', '1990-04-01', 36, 'false', null, '2021-03-01', '2021-04-01', null),
(10011, 29, 1000.00, 195.22, '1990-08-06', '1990-08-13', '1990-08-20', '1990-09-01', 36, 'false', null, '2021-03-01', '2021-04-01', null),
(10012, 34, 0.00, 139.13, '1998-05-09', '1998-05-16', '1998-05-23', '1998-06-01', 36, 'false', null, '2021-03-01', '2021-04-01', null),
(10015, 35, 1000.00, 195.58, '1994-09-23', '1994-09-30', '1994-10-07', '1994-10-01', 36, 'false', null, '2021-03-01', '2021-04-01', null),
(10017, 36, 1000.00, 252.42, '1980-12-01', '1980-12-08', '1980-12-15', '1981-01-01', 36, 'false', null, '2021-03-01', '2021-04-01', null),
(10014, 38, 0.00, 117.60, '2005-11-14', '2005-11-21', '2005-11-28', '2005-12-01', 30, 'false', null, '2021-03-01', '2021-04-01', null),
(10018, 40, 1000.00, 237.69, '1987-06-19', '1987-06-26', '1987-07-03', '1987-07-01', 36, 'false', null, '2021-03-01', '2021-04-01', null),
(10019, 41, 0.00, 140.00, '2005-09-15', '2005-09-22', '2005-09-29', '2005-10-01', 36, 'false', null, '2021-03-01', '2021-04-01', null),
(10002, 3797, 0.00, 111.78, '2018-09-23', '2018-09-30', '2018-10-07', '2018-10-01', 18, 'false', null, '2021-03-01', '2021-04-01', null),
(10004, 3798, 0.00, 27.97, '2018-09-13', '2018-09-20', '2018-09-27', '2018-10-01', 18, 'false', null, '2021-03-01', '2021-04-01', null),
(10006, 3799, 0.00, 111.42, '2018-09-27', '2018-10-04', '2018-10-11', '2018-11-01', 18, 'false', null, '2021-03-01', '2021-04-01', null);



insert into LOAN.repayment_schedule (loan_id, repayment_id, due_emi_amount, emi_amount_recieved, emi_due_date, receive_date, is_emi_payment_defaulted, is_emi_payment_advanced, created_date, modified_date) values
(10007, 249, 83.93, 83.93, '2021-04-01', '2021-04-01', 'false', 'false', '2021-04-01', null),
(10009, 250, 210.27, 210.27, '2021-02-01', '2021-02-01', 'true', 'false', '2021-04-01', null),
(10009, 250, 210.27, 210.27, '2021-03-01', '2021-03-01', 'true', 'false', '2021-04-01', null),
(10009, 250, 210.27, 210.27, '2021-04-01', '2021-04-01', 'true', 'false', '2021-04-01', null),
(10007, 249, 83.93, null, '2021-05-01', null, 'false', 'false', '2021-04-01', null),
(10013, 251, 83.42, 83.42, '2020-04-01', '2020-04-01', 'false', 'false', '2021-04-01', null),
(10013, 251, 83.42, 83.42, '2020-05-01', '2020-05-01', 'false', 'false', '2021-04-01', null),
(10013, 251, 83.42, 83.42, '2020-06-01', '2020-06-01', 'false', 'false', '2021-04-01', null),
(10013, 251, 83.42, 83.42, '2020-07-01', '2020-07-01', 'false', 'false', '2021-04-01', null),
(10013, 251, 83.42, 83.42, '2020-08-01', '2020-08-01', 'false', 'false', '2021-04-01', null),
(10013, 251, 83.42, 83.42, '2020-09-01', '2020-09-01', 'false', 'false', '2021-04-01', null),
(10013, 251, 83.42, 83.42, '2020-10-01', '2020-10-01', 'false', 'false', '2021-04-01', null),
(10013, 251, 83.42, 83.42, '2020-11-01', '2020-11-01', 'false', 'false', '2021-04-01', null),
(10013, 251, 83.42, 83.42, '2020-12-01', '2020-12-01', 'false', 'false', '2021-04-01', null),
(10013, 251, 83.42, 83.42, '2021-01-01', '2021-01-01', 'false', 'false', '2021-04-01', null),
(10013, 251, 83.42, 83.42, '2021-02-01', '2021-02-01', 'false', 'false', '2021-04-01', null),
(10013, 251, 83.42, 83.42, '2021-03-01', '2021-03-01', 'false', 'false', '2021-04-01', null),
(10013, 251, 83.42, 83.42, '2021-04-01', '2021-04-01', 'false', 'false', '2021-04-01', null),
(10016, 252, 83.51, 83.51, '2020-03-01', '2020-03-01', 'false', 'false', '2021-04-01', null),
(10016, 252, 83.51, 83.51, '2020-04-01', '2020-04-01', 'false', 'false', '2021-04-01', null),
(10016, 252, 83.51, 83.51, '2020-05-01', '2020-05-01', 'false', 'false', '2021-04-01', null),
(10016, 252, 83.51, 83.51, '2020-06-01', '2020-06-01', 'false', 'false', '2021-04-01', null),
(10016, 252, 83.51, 83.51, '2020-07-01', '2020-07-01', 'false', 'false', '2021-04-01', null),
(10016, 252, 83.51, 83.51, '2020-08-01', '2020-08-01', 'false', 'false', '2021-04-01', null),
(10016, 252, 83.51, 83.51, '2020-09-01', '2020-09-01', 'false', 'false', '2021-04-01', null),
(10016, 252, 83.51, 83.51, '2020-10-01', '2020-10-01', 'false', 'false', '2021-04-01', null),
(10016, 252, 83.51, 83.51, '2020-11-01', '2020-11-01', 'false', 'false', '2021-04-01', null),
(10016, 252, 83.51, 83.51, '2020-12-01', '2020-12-01', 'false', 'false', '2021-04-01', null),
(10016, 252, 83.51, 83.51, '2021-01-01', '2021-01-01', 'false', 'false', '2021-04-01', null),
(10016, 252, 83.51, 83.51, '2021-02-01', '2021-02-01', 'false', 'false', '2021-04-01', null),
(10016, 252, 83.51, 83.51, '2021-03-01', '2021-03-01', 'false', 'false', '2021-04-01', null),
(10020, 253, 84.16, 84.16, '2019-08-01', '2019-08-01', 'false', 'false', '2021-04-01', null),
(10020, 253, 84.16, 84.16, '2019-09-01', '2019-09-01', 'false', 'false', '2021-04-01', null),
(10020, 253, 84.16, 84.16, '2019-10-01', '2019-10-01', 'false', 'false', '2021-04-01', null),
(10020, 253, 84.16, 84.16, '2019-11-01', '2019-11-01', 'false', 'false', '2021-04-01', null),
(10020, 253, 84.16, 84.16, '2019-12-01', '2019-12-01', 'false', 'false', '2021-04-01', null),
(10020, 253, 84.16, 84.16, '2020-01-01', '2020-01-01', 'false', 'false', '2021-04-01', null),
(10020, 253, 84.16, 84.16, '2020-02-01', '2020-02-01', 'false', 'false', '2021-04-01', null),
(10020, 253, 84.16, 84.16, '2020-03-01', '2020-03-01', 'false', 'false', '2021-04-01', null),
(10020, 253, 84.16, 84.16, '2020-04-01', '2020-04-01', 'false', 'false', '2021-04-01', null),
(10020, 253, 84.16, 84.16, '2020-05-01', '2020-05-01', 'false', 'false', '2021-04-01', null),
(10020, 253, 84.16, 84.16, '2020-06-01', '2020-06-01', 'false', 'false', '2021-04-01', null),
(10020, 253, 84.16, 84.16, '2020-07-01', '2020-07-01', 'false', 'false', '2021-04-01', null),
(10020, 253, 84.16, 84.16, '2020-08-01', '2020-08-01', 'false', 'false', '2021-04-01', null),
(10001, 271, 139.53, 139.53, '2001-05-01', '2001-05-01', 'false', 'false', '2021-04-01', null),
(10001, 271, 139.53, 139.53, '2001-06-01', '2001-06-01', 'false', 'false', '2021-04-01', null),
(10001, 271, 139.53, 139.53, '2001-07-01', '2001-07-01', 'false', 'false', '2021-04-01', null),
(10001, 271, 139.53, 139.53, '2001-08-01', '2001-08-01', 'false', 'false', '2021-04-01', null),
(10001, 271, 139.53, 139.53, '2001-09-01', '2001-09-01', 'false', 'false', '2021-04-01', null),
(10001, 271, 139.53, 139.53, '2001-10-01', '2001-10-01', 'false', 'false', '2021-04-01', null),
(10001, 271, 139.53, 139.53, '2001-11-01', '2001-11-01', 'false', 'false', '2021-04-01', null),
(10001, 271, 139.53, 139.53, '2001-12-01', '2001-12-01', 'false', 'false', '2021-04-01', null),
(10001, 271, 139.53, 139.53, '2002-01-01', '2002-01-01', 'false', 'false', '2021-04-01', null),
(10001, 271, 139.53, 139.53, '2002-02-01', '2002-02-01', 'false', 'false', '2021-04-01', null),
(10001, 271, 139.53, 139.53, '2002-03-01', '2002-03-01', 'false', 'false', '2021-04-01', null),
(10001, 271, 139.53, 139.53, '2002-04-01', '2002-04-01', 'false', 'false', '2021-04-01', null),
(10001, 271, 139.53, 139.53, '2002-05-01', '2002-05-01', 'false', 'false', '2021-04-01', null),
(10001, 271, 139.53, 139.53, '2002-06-01', '2002-06-01', 'false', 'false', '2021-04-01', null),
(10001, 271, 139.53, 139.53, '2002-07-01', '2002-07-01', 'false', 'false', '2021-04-01', null),
(10001, 271, 139.53, 139.53, '2002-08-01', '2002-08-01', 'false', 'false', '2021-04-01', null),
(10001, 271, 139.53, 139.53, '2002-09-01', '2002-09-01', 'false', 'false', '2021-04-01', null),
(10001, 271, 139.53, 139.53, '2002-10-01', '2002-10-01', 'false', 'false', '2021-04-01', null),
(10001, 271, 139.53, 139.53, '2002-11-01', '2002-11-01', 'false', 'false', '2021-04-01', null),
(10001, 271, 139.53, 139.53, '2002-12-01', '2002-12-01', 'false', 'false', '2021-04-01', null),
(10001, 271, 139.53, 139.53, '2003-01-01', '2003-01-01', 'false', 'false', '2021-04-01', null),
(10001, 271, 139.53, 139.53, '2003-02-01', '2003-02-01', 'false', 'false', '2021-04-01', null),
(10001, 271, 139.53, 139.53, '2003-03-01', '2003-03-01', 'false', 'false', '2021-04-01', null),
(10001, 271, 139.53, 139.53, '2003-04-01', '2003-04-01', 'false', 'false', '2021-04-01', null),
(10001, 271, 139.53, 139.53, '2003-05-01', '2003-05-01', 'false', 'false', '2021-04-01', null),
(10001, 271, 139.53, 139.53, '2003-06-01', '2003-06-01', 'false', 'false', '2021-04-01', null),
(10001, 271, 139.53, 139.53, '2003-07-01', '2003-07-01', 'false', 'false', '2021-04-01', null),
(10001, 271, 139.53, 139.53, '2003-08-01', '2003-08-01', 'false', 'false', '2021-04-01', null),
(10001, 271, 139.53, 139.53, '2003-09-01', '2003-09-01', 'false', 'false', '2021-04-01', null),
(10001, 271, 139.53, 139.53, '2003-10-01', '2003-10-01', 'false', 'false', '2021-04-01', null),
(10001, 271, 139.53, 139.53, '2003-11-01', '2003-11-01', 'false', 'false', '2021-04-01', null),
(10001, 271, 139.53, 139.53, '2003-12-01', '2003-12-01', 'false', 'false', '2021-04-01', null),
(10001, 271, 139.53, 139.53, '2004-01-01', '2004-01-01', 'false', 'false', '2021-04-01', null),
(10001, 271, 139.53, 139.53, '2004-02-01', '2004-02-01', 'false', 'false', '2021-04-01', null),
(10001, 271, 139.53, 139.53, '2004-03-01', '2004-03-01', 'false', 'false', '2021-04-01', null),
(10001, 271, 139.53, 139.53, '2004-04-01', '2004-04-01', 'false', 'false', '2021-04-01', null),
(10001, 271, 139.53, 139.53, '2004-05-01', '2004-05-01', 'false', 'false', '2021-04-01', null),
(10003, 272, 196.56, 196.56, '1992-09-01', '1992-09-01', 'false', 'false', '2021-04-01', null),
(10003, 272, 196.56, 196.56, '1992-10-01', '1992-10-01', 'false', 'false', '2021-04-01', null),
(10003, 272, 196.56, 196.56, '1992-11-01', '1992-11-01', 'false', 'false', '2021-04-01', null),
(10003, 272, 196.56, 196.56, '1992-12-01', '1992-12-01', 'false', 'false', '2021-04-01', null),
(10003, 272, 196.56, 196.56, '1993-01-01', '1993-01-01', 'false', 'false', '2021-04-01', null),
(10003, 272, 196.56, 196.56, '1993-02-01', '1993-02-01', 'false', 'false', '2021-04-01', null),
(10003, 272, 196.56, 196.56, '1993-03-01', '1993-03-01', 'false', 'false', '2021-04-01', null),
(10003, 272, 196.56, 196.56, '1993-04-01', '1993-04-01', 'false', 'false', '2021-04-01', null),
(10003, 272, 196.56, 196.56, '1993-05-01', '1993-05-01', 'false', 'false', '2021-04-01', null),
(10003, 272, 196.56, 196.56, '1993-06-01', '1993-06-01', 'false', 'false', '2021-04-01', null),
(10003, 272, 196.56, 196.56, '1993-07-01', '1993-07-01', 'false', 'false', '2021-04-01', null),
(10003, 272, 196.56, 196.56, '1993-08-01', '1993-08-01', 'false', 'false', '2021-04-01', null),
(10003, 272, 196.56, 196.56, '1993-09-01', '1993-09-01', 'false', 'false', '2021-04-01', null),
(10003, 272, 196.56, 196.56, '1993-10-01', '1993-10-01', 'false', 'false', '2021-04-01', null),
(10003, 272, 196.56, 196.56, '1993-11-01', '1993-11-01', 'false', 'false', '2021-04-01', null),
(10003, 272, 196.56, 196.56, '1993-12-01', '1993-12-01', 'false', 'false', '2021-04-01', null),
(10003, 272, 196.56, 196.56, '1994-01-01', '1994-01-01', 'false', 'false', '2021-04-01', null),
(10003, 272, 196.56, 196.56, '1994-02-01', '1994-02-01', 'false', 'false', '2021-04-01', null),
(10003, 272, 196.56, 196.56, '1994-03-01', '1994-03-01', 'false', 'false', '2021-04-01', null),
(10003, 272, 196.56, 196.56, '1994-04-01', '1994-04-01', 'false', 'false', '2021-04-01', null),
(10003, 272, 196.56, 196.56, '1994-05-01', '1994-05-01', 'false', 'false', '2021-04-01', null),
(10003, 272, 196.56, 196.56, '1994-06-01', '1994-06-01', 'false', 'false', '2021-04-01', null),
(10003, 272, 196.56, 196.56, '1994-07-01', '1994-07-01', 'false', 'false', '2021-04-01', null),
(10003, 272, 196.56, 196.56, '1994-08-01', '1994-08-01', 'false', 'false', '2021-04-01', null),
(10003, 272, 196.56, 196.56, '1994-09-01', '1994-09-01', 'false', 'false', '2021-04-01', null),
(10003, 272, 196.56, 196.56, '1994-10-01', '1994-10-01', 'false', 'false', '2021-04-01', null),
(10003, 272, 196.56, 196.56, '1994-11-01', '1994-11-01', 'false', 'false', '2021-04-01', null),
(10003, 272, 196.56, 196.56, '1994-12-01', '1994-12-01', 'false', 'false', '2021-04-01', null),
(10003, 272, 196.56, 196.56, '1995-01-01', '1995-01-01', 'false', 'false', '2021-04-01', null),
(10003, 272, 196.56, 196.56, '1995-02-01', '1995-02-01', 'false', 'false', '2021-04-01', null),
(10003, 272, 196.56, 196.56, '1995-03-01', '1995-03-01', 'false', 'false', '2021-04-01', null),
(10003, 272, 196.56, 196.56, '1995-04-01', '1995-04-01', 'false', 'false', '2021-04-01', null),
(10003, 272, 196.56, 196.56, '1995-05-01', '1995-05-01', 'false', 'false', '2021-04-01', null),
(10003, 272, 196.56, 196.56, '1995-06-01', '1995-06-01', 'false', 'false', '2021-04-01', null),
(10003, 272, 196.56, 196.56, '1995-07-01', '1995-07-01', 'false', 'false', '2021-04-01', null),
(10003, 272, 196.56, 196.56, '1995-08-01', '1995-08-01', 'false', 'false', '2021-04-01', null),
(10003, 272, 196.56, 196.56, '1995-09-01', '1995-09-01', 'false', 'false', '2021-04-01', null),
(10005, 273, 209.54, 209.54, '1994-12-01', '1994-12-01', 'false', 'false', '2021-04-01', null),
(10005, 273, 209.54, 209.54, '1995-01-01', '1995-01-01', 'false', 'false', '2021-04-01', null),
(10005, 273, 209.54, 209.54, '1995-02-01', '1995-02-01', 'false', 'false', '2021-04-01', null),
(10005, 273, 209.54, 209.54, '1995-03-01', '1995-03-01', 'false', 'false', '2021-04-01', null),
(10005, 273, 209.54, 209.54, '1995-04-01', '1995-04-01', 'false', 'false', '2021-04-01', null),
(10005, 273, 209.54, 209.54, '1995-05-01', '1995-05-01', 'false', 'false', '2021-04-01', null),
(10005, 273, 209.54, 209.54, '1995-06-01', '1995-06-01', 'false', 'false', '2021-04-01', null),
(10005, 273, 209.54, 209.54, '1995-07-01', '1995-07-01', 'false', 'false', '2021-04-01', null),
(10005, 273, 209.54, 209.54, '1995-08-01', '1995-08-01', 'false', 'false', '2021-04-01', null),
(10005, 273, 209.54, 209.54, '1995-09-01', '1995-09-01', 'false', 'false', '2021-04-01', null),
(10005, 273, 209.54, 209.54, '1995-10-01', '1995-10-01', 'false', 'false', '2021-04-01', null),
(10005, 273, 209.54, 209.54, '1995-11-01', '1995-11-01', 'false', 'false', '2021-04-01', null),
(10005, 273, 209.54, 209.54, '1995-12-01', '1995-12-01', 'false', 'false', '2021-04-01', null),
(10005, 273, 209.54, 209.54, '1996-01-01', '1996-01-01', 'false', 'false', '2021-04-01', null),
(10005, 273, 209.54, 209.54, '1996-02-01', '1996-02-01', 'false', 'false', '2021-04-01', null),
(10005, 273, 209.54, 209.54, '1996-03-01', '1996-03-01', 'false', 'false', '2021-04-01', null),
(10005, 273, 209.54, 209.54, '1996-04-01', '1996-04-01', 'false', 'false', '2021-04-01', null),
(10005, 273, 209.54, 209.54, '1996-05-01', '1996-05-01', 'false', 'false', '2021-04-01', null),
(10005, 273, 209.54, 209.54, '1996-06-01', '1996-06-01', 'false', 'false', '2021-04-01', null),
(10005, 273, 209.54, 209.54, '1996-07-01', '1996-07-01', 'false', 'false', '2021-04-01', null),
(10005, 273, 209.54, 209.54, '1996-08-01', '1996-08-01', 'false', 'false', '2021-04-01', null),
(10005, 273, 209.54, 209.54, '1996-09-01', '1996-09-01', 'false', 'false', '2021-04-01', null),
(10005, 273, 209.54, 209.54, '1996-10-01', '1996-10-01', 'false', 'false', '2021-04-01', null),
(10005, 273, 209.54, 209.54, '1996-11-01', '1996-11-01', 'false', 'false', '2021-04-01', null),
(10005, 273, 209.54, 209.54, '1996-12-01', '1996-12-01', 'false', 'false', '2021-04-01', null),
(10005, 273, 209.54, 209.54, '1997-01-01', '1997-01-01', 'false', 'false', '2021-04-01', null),
(10005, 273, 209.54, 209.54, '1997-02-01', '1997-02-01', 'false', 'false', '2021-04-01', null),
(10005, 273, 209.54, 209.54, '1997-03-01', '1997-03-01', 'false', 'false', '2021-04-01', null),
(10005, 273, 209.54, 209.54, '1997-04-01', '1997-04-01', 'false', 'false', '2021-04-01', null),
(10005, 273, 209.54, 209.54, '1997-05-01', '1997-05-01', 'false', 'false', '2021-04-01', null),
(10005, 273, 209.54, 209.54, '1997-06-01', '1997-06-01', 'false', 'false', '2021-04-01', null),
(10005, 273, 209.54, 209.54, '1997-07-01', '1997-07-01', 'false', 'false', '2021-04-01', null),
(10005, 273, 209.54, 209.54, '1997-08-01', '1997-08-01', 'false', 'false', '2021-04-01', null),
(10005, 273, 209.54, 209.54, '1997-09-01', '1997-09-01', 'false', 'false', '2021-04-01', null),
(10005, 273, 209.54, 209.54, '1997-10-01', '1997-10-01', 'false', 'false', '2021-04-01', null),
(10005, 273, 209.54, 209.54, '1997-11-01', '1997-11-01', 'false', 'false', '2021-04-01', null),
(10005, 273, 209.54, 209.54, '1997-12-01', '1997-12-01', 'false', 'false', '2021-04-01', null),
(10008, 274, 195.92, 195.92, '1998-05-01', '1998-05-01', 'false', 'false', '2021-04-01', null),
(10008, 274, 195.92, 195.92, '1998-06-01', '1998-06-01', 'false', 'false', '2021-04-01', null),
(10008, 274, 195.92, 195.92, '1998-07-01', '1998-07-01', 'false', 'false', '2021-04-01', null),
(10008, 274, 195.92, 195.92, '1998-08-01', '1998-08-01', 'false', 'false', '2021-04-01', null),
(10008, 274, 195.92, 195.92, '1998-09-01', '1998-09-01', 'false', 'false', '2021-04-01', null),
(10008, 274, 195.92, 195.92, '1998-10-01', '1998-10-01', 'false', 'false', '2021-04-01', null),
(10008, 274, 195.92, 195.92, '1998-11-01', '1998-11-01', 'false', 'false', '2021-04-01', null),
(10008, 274, 195.92, 195.92, '1998-12-01', '1998-12-01', 'false', 'false', '2021-04-01', null),
(10008, 274, 195.92, 195.92, '1999-01-01', '1999-01-01', 'false', 'false', '2021-04-01', null),
(10008, 274, 195.92, 195.92, '1999-02-01', '1999-02-01', 'false', 'false', '2021-04-01', null),
(10008, 274, 195.92, 195.92, '1999-03-01', '1999-03-01', 'false', 'false', '2021-04-01', null),
(10008, 274, 195.92, 195.92, '1999-04-01', '1999-04-01', 'false', 'false', '2021-04-01', null),
(10008, 274, 195.92, 195.92, '1999-05-01', '1999-05-01', 'false', 'false', '2021-04-01', null),
(10008, 274, 195.92, 195.92, '1999-06-01', '1999-06-01', 'false', 'false', '2021-04-01', null),
(10008, 274, 195.92, 195.92, '1999-07-01', '1999-07-01', 'false', 'false', '2021-04-01', null),
(10008, 274, 195.92, 195.92, '1999-08-01', '1999-08-01', 'false', 'false', '2021-04-01', null),
(10008, 274, 195.92, 195.92, '1999-09-01', '1999-09-01', 'false', 'false', '2021-04-01', null),
(10008, 274, 195.92, 195.92, '1999-10-01', '1999-10-01', 'false', 'false', '2021-04-01', null),
(10008, 274, 195.92, 195.92, '1999-11-01', '1999-11-01', 'false', 'false', '2021-04-01', null),
(10008, 274, 195.92, 195.92, '1999-12-01', '1999-12-01', 'false', 'false', '2021-04-01', null),
(10008, 274, 195.92, 195.92, '2000-01-01', '2000-01-01', 'false', 'false', '2021-04-01', null),
(10008, 274, 195.92, 195.92, '2000-02-01', '2000-02-01', 'false', 'false', '2021-04-01', null),
(10008, 274, 195.92, 195.92, '2000-03-01', '2000-03-01', 'false', 'false', '2021-04-01', null),
(10008, 274, 195.92, 195.92, '2000-04-01', '2000-04-01', 'false', 'false', '2021-04-01', null),
(10008, 274, 195.92, 195.92, '2000-05-01', '2000-05-01', 'false', 'false', '2021-04-01', null),
(10008, 274, 195.92, 195.92, '2000-06-01', '2000-06-01', 'false', 'false', '2021-04-01', null),
(10008, 274, 195.92, 195.92, '2000-07-01', '2000-07-01', 'false', 'false', '2021-04-01', null),
(10008, 274, 195.92, 195.92, '2000-08-01', '2000-08-01', 'false', 'false', '2021-04-01', null),
(10008, 274, 195.92, 195.92, '2000-09-01', '2000-09-01', 'false', 'false', '2021-04-01', null),
(10008, 274, 195.92, 195.92, '2000-10-01', '2000-10-01', 'false', 'false', '2021-04-01', null),
(10008, 274, 195.92, 195.92, '2000-11-01', '2000-11-01', 'false', 'false', '2021-04-01', null),
(10008, 274, 195.92, 195.92, '2000-12-01', '2000-12-01', 'false', 'false', '2021-04-01', null),
(10008, 274, 195.92, 195.92, '2001-01-01', '2001-01-01', 'false', 'false', '2021-04-01', null),
(10008, 274, 195.92, 195.92, '2001-02-01', '2001-02-01', 'false', 'false', '2021-04-01', null),
(10008, 274, 195.92, 195.92, '2001-03-01', '2001-03-01', 'false', 'false', '2021-04-01', null),
(10008, 274, 195.92, 195.92, '2001-04-01', '2001-04-01', 'false', 'false', '2021-04-01', null),
(10008, 274, 195.92, 195.92, '2001-05-01', '2001-05-01', 'false', 'false', '2021-04-01', null),
(10010, 275, 251.83, 251.83, '1990-04-01', '1990-04-01', 'false', 'false', '2021-04-01', null),
(10010, 275, 251.83, 251.83, '1990-05-01', '1990-05-01', 'false', 'false', '2021-04-01', null),
(10010, 275, 251.83, 251.83, '1990-06-01', '1990-06-01', 'false', 'false', '2021-04-01', null),
(10010, 275, 251.83, 251.83, '1990-07-01', '1990-07-01', 'false', 'false', '2021-04-01', null),
(10010, 275, 251.83, 251.83, '1990-08-01', '1990-08-01', 'false', 'false', '2021-04-01', null),
(10010, 275, 251.83, 251.83, '1990-09-01', '1990-09-01', 'false', 'false', '2021-04-01', null),
(10010, 275, 251.83, 251.83, '1990-10-01', '1990-10-01', 'false', 'false', '2021-04-01', null),
(10010, 275, 251.83, 251.83, '1990-11-01', '1990-11-01', 'false', 'false', '2021-04-01', null),
(10010, 275, 251.83, 251.83, '1990-12-01', '1990-12-01', 'false', 'false', '2021-04-01', null),
(10010, 275, 251.83, 251.83, '1991-01-01', '1991-01-01', 'false', 'false', '2021-04-01', null),
(10010, 275, 251.83, 251.83, '1991-02-01', '1991-02-01', 'false', 'false', '2021-04-01', null),
(10010, 275, 251.83, 251.83, '1991-03-01', '1991-03-01', 'false', 'false', '2021-04-01', null),
(10010, 275, 251.83, 251.83, '1991-04-01', '1991-04-01', 'false', 'false', '2021-04-01', null),
(10010, 275, 251.83, 251.83, '1991-05-01', '1991-05-01', 'false', 'false', '2021-04-01', null),
(10010, 275, 251.83, 251.83, '1991-06-01', '1991-06-01', 'false', 'false', '2021-04-01', null),
(10010, 275, 251.83, 251.83, '1991-07-01', '1991-07-01', 'false', 'false', '2021-04-01', null),
(10010, 275, 251.83, 251.83, '1991-08-01', '1991-08-01', 'false', 'false', '2021-04-01', null),
(10010, 275, 251.83, 251.83, '1991-09-01', '1991-09-01', 'false', 'false', '2021-04-01', null),
(10010, 275, 251.83, 251.83, '1991-10-01', '1991-10-01', 'false', 'false', '2021-04-01', null),
(10010, 275, 251.83, 251.83, '1991-11-01', '1991-11-01', 'false', 'false', '2021-04-01', null),
(10010, 275, 251.83, 251.83, '1991-12-01', '1991-12-01', 'false', 'false', '2021-04-01', null),
(10010, 275, 251.83, 251.83, '1992-01-01', '1992-01-01', 'false', 'false', '2021-04-01', null),
(10010, 275, 251.83, 251.83, '1992-02-01', '1992-02-01', 'false', 'false', '2021-04-01', null),
(10010, 275, 251.83, 251.83, '1992-03-01', '1992-03-01', 'false', 'false', '2021-04-01', null),
(10010, 275, 251.83, 251.83, '1992-04-01', '1992-04-01', 'false', 'false', '2021-04-01', null),
(10010, 275, 251.83, 251.83, '1992-05-01', '1992-05-01', 'false', 'false', '2021-04-01', null),
(10010, 275, 251.83, 251.83, '1992-06-01', '1992-06-01', 'false', 'false', '2021-04-01', null),
(10010, 275, 251.83, 251.83, '1992-07-01', '1992-07-01', 'false', 'false', '2021-04-01', null),
(10010, 275, 251.83, 251.83, '1992-08-01', '1992-08-01', 'false', 'false', '2021-04-01', null),
(10010, 275, 251.83, 251.83, '1992-09-01', '1992-09-01', 'false', 'false', '2021-04-01', null),
(10010, 275, 251.83, 251.83, '1992-10-01', '1992-10-01', 'false', 'false', '2021-04-01', null),
(10010, 275, 251.83, 251.83, '1992-11-01', '1992-11-01', 'false', 'false', '2021-04-01', null),
(10010, 275, 251.83, 251.83, '1992-12-01', '1992-12-01', 'false', 'false', '2021-04-01', null),
(10010, 275, 251.83, 251.83, '1993-01-01', '1993-01-01', 'false', 'false', '2021-04-01', null),
(10010, 275, 251.83, 251.83, '1993-02-01', '1993-02-01', 'false', 'false', '2021-04-01', null),
(10010, 275, 251.83, 251.83, '1993-03-01', '1993-03-01', 'false', 'false', '2021-04-01', null),
(10010, 275, 251.83, 251.83, '1993-04-01', '1993-04-01', 'false', 'false', '2021-04-01', null),
(10011, 276, 195.22, 195.22, '1990-09-01', '1990-09-01', 'false', 'false', '2021-04-01', null),
(10011, 276, 195.22, 195.22, '1990-10-01', '1990-10-01', 'false', 'false', '2021-04-01', null),
(10011, 276, 195.22, 195.22, '1990-11-01', '1990-11-01', 'false', 'false', '2021-04-01', null),
(10011, 276, 195.22, 195.22, '1990-12-01', '1990-12-01', 'false', 'false', '2021-04-01', null),
(10011, 276, 195.22, 195.22, '1991-01-01', '1991-01-01', 'false', 'false', '2021-04-01', null),
(10011, 276, 195.22, 195.22, '1991-02-01', '1991-02-01', 'false', 'false', '2021-04-01', null),
(10011, 276, 195.22, 195.22, '1991-03-01', '1991-03-01', 'false', 'false', '2021-04-01', null),
(10011, 276, 195.22, 195.22, '1991-04-01', '1991-04-01', 'false', 'false', '2021-04-01', null),
(10011, 276, 195.22, 195.22, '1991-05-01', '1991-05-01', 'false', 'false', '2021-04-01', null),
(10011, 276, 195.22, 195.22, '1991-06-01', '1991-06-01', 'false', 'false', '2021-04-01', null),
(10011, 276, 195.22, 195.22, '1991-07-01', '1991-07-01', 'false', 'false', '2021-04-01', null),
(10011, 276, 195.22, 195.22, '1991-08-01', '1991-08-01', 'false', 'false', '2021-04-01', null),
(10011, 276, 195.22, 195.22, '1991-09-01', '1991-09-01', 'false', 'false', '2021-04-01', null),
(10011, 276, 195.22, 195.22, '1991-10-01', '1991-10-01', 'false', 'false', '2021-04-01', null),
(10011, 276, 195.22, 195.22, '1991-11-01', '1991-11-01', 'false', 'false', '2021-04-01', null),
(10011, 276, 195.22, 195.22, '1991-12-01', '1991-12-01', 'false', 'false', '2021-04-01', null),
(10011, 276, 195.22, 195.22, '1992-01-01', '1992-01-01', 'false', 'false', '2021-04-01', null),
(10011, 276, 195.22, 195.22, '1992-02-01', '1992-02-01', 'false', 'false', '2021-04-01', null),
(10011, 276, 195.22, 195.22, '1992-03-01', '1992-03-01', 'false', 'false', '2021-04-01', null),
(10011, 276, 195.22, 195.22, '1992-04-01', '1992-04-01', 'false', 'false', '2021-04-01', null),
(10011, 276, 195.22, 195.22, '1992-05-01', '1992-05-01', 'false', 'false', '2021-04-01', null),
(10011, 276, 195.22, 195.22, '1992-06-01', '1992-06-01', 'false', 'false', '2021-04-01', null),
(10011, 276, 195.22, 195.22, '1992-07-01', '1992-07-01', 'false', 'false', '2021-04-01', null),
(10011, 276, 195.22, 195.22, '1992-08-01', '1992-08-01', 'false', 'false', '2021-04-01', null),
(10011, 276, 195.22, 195.22, '1992-09-01', '1992-09-01', 'false', 'false', '2021-04-01', null),
(10011, 276, 195.22, 195.22, '1992-10-01', '1992-10-01', 'false', 'false', '2021-04-01', null),
(10011, 276, 195.22, 195.22, '1992-11-01', '1992-11-01', 'false', 'false', '2021-04-01', null),
(10011, 276, 195.22, 195.22, '1992-12-01', '1992-12-01', 'false', 'false', '2021-04-01', null),
(10011, 276, 195.22, 195.22, '1993-01-01', '1993-01-01', 'false', 'false', '2021-04-01', null),
(10011, 276, 195.22, 195.22, '1993-02-01', '1993-02-01', 'false', 'false', '2021-04-01', null),
(10011, 276, 195.22, 195.22, '1993-03-01', '1993-03-01', 'false', 'false', '2021-04-01', null),
(10011, 276, 195.22, 195.22, '1993-04-01', '1993-04-01', 'false', 'false', '2021-04-01', null),
(10011, 276, 195.22, 195.22, '1993-05-01', '1993-05-01', 'false', 'false', '2021-04-01', null),
(10011, 276, 195.22, 195.22, '1993-06-01', '1993-06-01', 'false', 'false', '2021-04-01', null),
(10011, 276, 195.22, 195.22, '1993-07-01', '1993-07-01', 'false', 'false', '2021-04-01', null),
(10011, 276, 195.22, 195.22, '1993-08-01', '1993-08-01', 'false', 'false', '2021-04-01', null),
(10011, 276, 195.22, 195.22, '1993-09-01', '1993-09-01', 'false', 'false', '2021-04-01', null),
(10012, 281, 139.13, 139.13, '1998-06-01', '1998-06-01', 'false', 'false', '2021-04-01', null),
(10012, 281, 139.13, 139.13, '1998-07-01', '1998-07-01', 'false', 'false', '2021-04-01', null),
(10012, 281, 139.13, 139.13, '1998-08-01', '1998-08-01', 'false', 'false', '2021-04-01', null),
(10012, 281, 139.13, 139.13, '1998-09-01', '1998-09-01', 'false', 'false', '2021-04-01', null),
(10012, 281, 139.13, 139.13, '1998-10-01', '1998-10-01', 'false', 'false', '2021-04-01', null),
(10012, 281, 139.13, 139.13, '1998-11-01', '1998-11-01', 'false', 'false', '2021-04-01', null),
(10012, 281, 139.13, 139.13, '1998-12-01', '1998-12-01', 'false', 'false', '2021-04-01', null),
(10012, 281, 139.13, 139.13, '1999-01-01', '1999-01-01', 'false', 'false', '2021-04-01', null),
(10012, 281, 139.13, 139.13, '1999-02-01', '1999-02-01', 'false', 'false', '2021-04-01', null),
(10012, 281, 139.13, 139.13, '1999-03-01', '1999-03-01', 'false', 'false', '2021-04-01', null),
(10012, 281, 139.13, 139.13, '1999-04-01', '1999-04-01', 'false', 'false', '2021-04-01', null),
(10012, 281, 139.13, 139.13, '1999-05-01', '1999-05-01', 'false', 'false', '2021-04-01', null),
(10012, 281, 139.13, 139.13, '1999-06-01', '1999-06-01', 'false', 'false', '2021-04-01', null),
(10012, 281, 139.13, 139.13, '1999-07-01', '1999-07-01', 'false', 'false', '2021-04-01', null),
(10012, 281, 139.13, 139.13, '1999-08-01', '1999-08-01', 'false', 'false', '2021-04-01', null),
(10012, 281, 139.13, 139.13, '1999-09-01', '1999-09-01', 'false', 'false', '2021-04-01', null),
(10012, 281, 139.13, 139.13, '1999-10-01', '1999-10-01', 'false', 'false', '2021-04-01', null),
(10012, 281, 139.13, 139.13, '1999-11-01', '1999-11-01', 'false', 'false', '2021-04-01', null),
(10012, 281, 139.13, 139.13, '1999-12-01', '1999-12-01', 'false', 'false', '2021-04-01', null),
(10012, 281, 139.13, 139.13, '2000-01-01', '2000-01-01', 'false', 'false', '2021-04-01', null),
(10012, 281, 139.13, 139.13, '2000-02-01', '2000-02-01', 'false', 'false', '2021-04-01', null),
(10012, 281, 139.13, 139.13, '2000-03-01', '2000-03-01', 'false', 'false', '2021-04-01', null),
(10012, 281, 139.13, 139.13, '2000-04-01', '2000-04-01', 'false', 'false', '2021-04-01', null),
(10012, 281, 139.13, 139.13, '2000-05-01', '2000-05-01', 'false', 'false', '2021-04-01', null),
(10012, 281, 139.13, 139.13, '2000-06-01', '2000-06-01', 'false', 'false', '2021-04-01', null),
(10012, 281, 139.13, 139.13, '2000-07-01', '2000-07-01', 'false', 'false', '2021-04-01', null),
(10012, 281, 139.13, 139.13, '2000-08-01', '2000-08-01', 'false', 'false', '2021-04-01', null),
(10012, 281, 139.13, 139.13, '2000-09-01', '2000-09-01', 'false', 'false', '2021-04-01', null),
(10012, 281, 139.13, 139.13, '2000-10-01', '2000-10-01', 'false', 'false', '2021-04-01', null),
(10012, 281, 139.13, 139.13, '2000-11-01', '2000-11-01', 'false', 'false', '2021-04-01', null),
(10012, 281, 139.13, 139.13, '2000-12-01', '2000-12-01', 'false', 'false', '2021-04-01', null),
(10012, 281, 139.13, 139.13, '2001-01-01', '2001-01-01', 'false', 'false', '2021-04-01', null),
(10012, 281, 139.13, 139.13, '2001-02-01', '2001-02-01', 'false', 'false', '2021-04-01', null),
(10012, 281, 139.13, 139.13, '2001-03-01', '2001-03-01', 'false', 'false', '2021-04-01', null),
(10012, 281, 139.13, 139.13, '2001-04-01', '2001-04-01', 'false', 'false', '2021-04-01', null),
(10012, 281, 139.13, 139.13, '2001-05-01', '2001-05-01', 'false', 'false', '2021-04-01', null),
(10012, 281, 139.13, 139.13, '2001-06-01', '2001-06-01', 'false', 'false', '2021-04-01', null),
(10015, 282, 195.58, 195.58, '1994-10-01', '1994-10-01', 'false', 'false', '2021-04-01', null),
(10015, 282, 195.58, 195.58, '1994-11-01', '1994-11-01', 'false', 'false', '2021-04-01', null),
(10015, 282, 195.58, 195.58, '1994-12-01', '1994-12-01', 'false', 'false', '2021-04-01', null),
(10015, 282, 195.58, 195.58, '1995-01-01', '1995-01-01', 'false', 'false', '2021-04-01', null),
(10015, 282, 195.58, 195.58, '1995-02-01', '1995-02-01', 'false', 'false', '2021-04-01', null),
(10015, 282, 195.58, 195.58, '1995-03-01', '1995-03-01', 'false', 'false', '2021-04-01', null),
(10015, 282, 195.58, 195.58, '1995-04-01', '1995-04-01', 'false', 'false', '2021-04-01', null),
(10015, 282, 195.58, 195.58, '1995-05-01', '1995-05-01', 'false', 'false', '2021-04-01', null),
(10015, 282, 195.58, 195.58, '1995-06-01', '1995-06-01', 'false', 'false', '2021-04-01', null),
(10015, 282, 195.58, 195.58, '1995-07-01', '1995-07-01', 'false', 'false', '2021-04-01', null),
(10015, 282, 195.58, 195.58, '1995-08-01', '1995-08-01', 'false', 'false', '2021-04-01', null),
(10015, 282, 195.58, 195.58, '1995-09-01', '1995-09-01', 'false', 'false', '2021-04-01', null),
(10015, 282, 195.58, 195.58, '1995-10-01', '1995-10-01', 'false', 'false', '2021-04-01', null),
(10015, 282, 195.58, 195.58, '1995-11-01', '1995-11-01', 'false', 'false', '2021-04-01', null),
(10015, 282, 195.58, 195.58, '1995-12-01', '1995-12-01', 'false', 'false', '2021-04-01', null),
(10015, 282, 195.58, 195.58, '1996-01-01', '1996-01-01', 'false', 'false', '2021-04-01', null),
(10015, 282, 195.58, 195.58, '1996-02-01', '1996-02-01', 'false', 'false', '2021-04-01', null),
(10015, 282, 195.58, 195.58, '1996-03-01', '1996-03-01', 'false', 'false', '2021-04-01', null),
(10015, 282, 195.58, 195.58, '1996-04-01', '1996-04-01', 'false', 'false', '2021-04-01', null),
(10015, 282, 195.58, 195.58, '1996-05-01', '1996-05-01', 'false', 'false', '2021-04-01', null),
(10015, 282, 195.58, 195.58, '1996-06-01', '1996-06-01', 'false', 'false', '2021-04-01', null),
(10015, 282, 195.58, 195.58, '1996-07-01', '1996-07-01', 'false', 'false', '2021-04-01', null),
(10015, 282, 195.58, 195.58, '1996-08-01', '1996-08-01', 'false', 'false', '2021-04-01', null),
(10015, 282, 195.58, 195.58, '1996-09-01', '1996-09-01', 'false', 'false', '2021-04-01', null),
(10015, 282, 195.58, 195.58, '1996-10-01', '1996-10-01', 'false', 'false', '2021-04-01', null),
(10015, 282, 195.58, 195.58, '1996-11-01', '1996-11-01', 'false', 'false', '2021-04-01', null),
(10015, 282, 195.58, 195.58, '1996-12-01', '1996-12-01', 'false', 'false', '2021-04-01', null),
(10015, 282, 195.58, 195.58, '1997-01-01', '1997-01-01', 'false', 'false', '2021-04-01', null),
(10015, 282, 195.58, 195.58, '1997-02-01', '1997-02-01', 'false', 'false', '2021-04-01', null),
(10015, 282, 195.58, 195.58, '1997-03-01', '1997-03-01', 'false', 'false', '2021-04-01', null),
(10015, 282, 195.58, 195.58, '1997-04-01', '1997-04-01', 'false', 'false', '2021-04-01', null),
(10015, 282, 195.58, 195.58, '1997-05-01', '1997-05-01', 'false', 'false', '2021-04-01', null),
(10015, 282, 195.58, 195.58, '1997-06-01', '1997-06-01', 'false', 'false', '2021-04-01', null),
(10015, 282, 195.58, 195.58, '1997-07-01', '1997-07-01', 'false', 'false', '2021-04-01', null),
(10015, 282, 195.58, 195.58, '1997-08-01', '1997-08-01', 'false', 'false', '2021-04-01', null),
(10015, 282, 195.58, 195.58, '1997-09-01', '1997-09-01', 'false', 'false', '2021-04-01', null),
(10015, 282, 195.58, 195.58, '1997-10-01', '1997-10-01', 'false', 'false', '2021-04-01', null),
(10017, 283, 252.42, 252.42, '1981-01-01', '1981-01-01', 'false', 'false', '2021-04-01', null),
(10017, 283, 252.42, 252.42, '1981-02-01', '1981-02-01', 'false', 'false', '2021-04-01', null),
(10017, 283, 252.42, 252.42, '1981-03-01', '1981-03-01', 'false', 'false', '2021-04-01', null),
(10017, 283, 252.42, 252.42, '1981-04-01', '1981-04-01', 'false', 'false', '2021-04-01', null),
(10017, 283, 252.42, 252.42, '1981-05-01', '1981-05-01', 'false', 'false', '2021-04-01', null),
(10017, 283, 252.42, 252.42, '1981-06-01', '1981-06-01', 'false', 'false', '2021-04-01', null),
(10017, 283, 252.42, 252.42, '1981-07-01', '1981-07-01', 'false', 'false', '2021-04-01', null),
(10017, 283, 252.42, 252.42, '1981-08-01', '1981-08-01', 'false', 'false', '2021-04-01', null),
(10017, 283, 252.42, 252.42, '1981-09-01', '1981-09-01', 'false', 'false', '2021-04-01', null),
(10017, 283, 252.42, 252.42, '1981-10-01', '1981-10-01', 'false', 'false', '2021-04-01', null),
(10017, 283, 252.42, 252.42, '1981-11-01', '1981-11-01', 'false', 'false', '2021-04-01', null),
(10017, 283, 252.42, 252.42, '1981-12-01', '1981-12-01', 'false', 'false', '2021-04-01', null),
(10017, 283, 252.42, 252.42, '1982-01-01', '1982-01-01', 'false', 'false', '2021-04-01', null),
(10017, 283, 252.42, 252.42, '1982-02-01', '1982-02-01', 'false', 'false', '2021-04-01', null),
(10017, 283, 252.42, 252.42, '1982-03-01', '1982-03-01', 'false', 'false', '2021-04-01', null),
(10017, 283, 252.42, 252.42, '1982-04-01', '1982-04-01', 'false', 'false', '2021-04-01', null),
(10017, 283, 252.42, 252.42, '1982-05-01', '1982-05-01', 'false', 'false', '2021-04-01', null),
(10017, 283, 252.42, 252.42, '1982-06-01', '1982-06-01', 'false', 'false', '2021-04-01', null),
(10017, 283, 252.42, 252.42, '1982-07-01', '1982-07-01', 'false', 'false', '2021-04-01', null),
(10017, 283, 252.42, 252.42, '1982-08-01', '1982-08-01', 'false', 'false', '2021-04-01', null),
(10017, 283, 252.42, 252.42, '1982-09-01', '1982-09-01', 'false', 'false', '2021-04-01', null),
(10017, 283, 252.42, 252.42, '1982-10-01', '1982-10-01', 'false', 'false', '2021-04-01', null),
(10017, 283, 252.42, 252.42, '1982-11-01', '1982-11-01', 'false', 'false', '2021-04-01', null),
(10017, 283, 252.42, 252.42, '1982-12-01', '1982-12-01', 'false', 'false', '2021-04-01', null),
(10017, 283, 252.42, 252.42, '1983-01-01', '1983-01-01', 'false', 'false', '2021-04-01', null),
(10017, 283, 252.42, 252.42, '1983-02-01', '1983-02-01', 'false', 'false', '2021-04-01', null),
(10017, 283, 252.42, 252.42, '1983-03-01', '1983-03-01', 'false', 'false', '2021-04-01', null),
(10017, 283, 252.42, 252.42, '1983-04-01', '1983-04-01', 'false', 'false', '2021-04-01', null),
(10017, 283, 252.42, 252.42, '1983-05-01', '1983-05-01', 'false', 'false', '2021-04-01', null),
(10017, 283, 252.42, 252.42, '1983-06-01', '1983-06-01', 'false', 'false', '2021-04-01', null),
(10017, 283, 252.42, 252.42, '1983-07-01', '1983-07-01', 'false', 'false', '2021-04-01', null),
(10017, 283, 252.42, 252.42, '1983-08-01', '1983-08-01', 'false', 'false', '2021-04-01', null),
(10017, 283, 252.42, 252.42, '1983-09-01', '1983-09-01', 'false', 'false', '2021-04-01', null),
(10017, 283, 252.42, 252.42, '1983-10-01', '1983-10-01', 'false', 'false', '2021-04-01', null),
(10017, 283, 252.42, 252.42, '1983-11-01', '1983-11-01', 'false', 'false', '2021-04-01', null),
(10017, 283, 252.42, 252.42, '1983-12-01', '1983-12-01', 'false', 'false', '2021-04-01', null),
(10017, 283, 252.42, 252.42, '1984-01-01', '1984-01-01', 'false', 'false', '2021-04-01', null),
(10014, 285, 117.60, 117.60, '2005-12-01', '2005-12-01', 'false', 'false', '2021-04-01', null),
(10014, 285, 117.60, 117.60, '2006-01-01', '2006-01-01', 'false', 'false', '2021-04-01', null),
(10014, 285, 117.60, 117.60, '2006-02-01', '2006-02-01', 'false', 'false', '2021-04-01', null),
(10014, 285, 117.60, 117.60, '2006-03-01', '2006-03-01', 'false', 'false', '2021-04-01', null),
(10014, 285, 117.60, 117.60, '2006-04-01', '2006-04-01', 'false', 'false', '2021-04-01', null),
(10014, 285, 117.60, 117.60, '2006-05-01', '2006-05-01', 'false', 'false', '2021-04-01', null),
(10014, 285, 117.60, 117.60, '2006-06-01', '2006-06-01', 'false', 'false', '2021-04-01', null),
(10014, 285, 117.60, 117.60, '2006-07-01', '2006-07-01', 'false', 'false', '2021-04-01', null),
(10014, 285, 117.60, 117.60, '2006-08-01', '2006-08-01', 'false', 'false', '2021-04-01', null),
(10014, 285, 117.60, 117.60, '2006-09-01', '2006-09-01', 'false', 'false', '2021-04-01', null),
(10014, 285, 117.60, 117.60, '2006-10-01', '2006-10-01', 'false', 'false', '2021-04-01', null),
(10014, 285, 117.60, 117.60, '2006-11-01', '2006-11-01', 'false', 'false', '2021-04-01', null),
(10014, 285, 117.60, 117.60, '2006-12-01', '2006-12-01', 'false', 'false', '2021-04-01', null),
(10014, 285, 117.60, 117.60, '2007-01-01', '2007-01-01', 'false', 'false', '2021-04-01', null),
(10014, 285, 117.60, 117.60, '2007-02-01', '2007-02-01', 'false', 'false', '2021-04-01', null),
(10014, 285, 117.60, 117.60, '2007-03-01', '2007-03-01', 'false', 'false', '2021-04-01', null),
(10014, 285, 117.60, 117.60, '2007-04-01', '2007-04-01', 'false', 'false', '2021-04-01', null),
(10014, 285, 117.60, 117.60, '2007-05-01', '2007-05-01', 'false', 'false', '2021-04-01', null),
(10014, 285, 117.60, 117.60, '2007-06-01', '2007-06-01', 'false', 'false', '2021-04-01', null),
(10014, 285, 117.60, 117.60, '2007-07-01', '2007-07-01', 'false', 'false', '2021-04-01', null),
(10014, 285, 117.60, 117.60, '2007-08-01', '2007-08-01', 'false', 'false', '2021-04-01', null),
(10014, 285, 117.60, 117.60, '2007-09-01', '2007-09-01', 'false', 'false', '2021-04-01', null),
(10014, 285, 117.60, 117.60, '2007-10-01', '2007-10-01', 'false', 'false', '2021-04-01', null),
(10014, 285, 117.60, 117.60, '2007-11-01', '2007-11-01', 'false', 'false', '2021-04-01', null),
(10014, 285, 117.60, 117.60, '2007-12-01', '2007-12-01', 'false', 'false', '2021-04-01', null),
(10014, 285, 117.60, 117.60, '2008-01-01', '2008-01-01', 'false', 'false', '2021-04-01', null),
(10014, 285, 117.60, 117.60, '2008-02-01', '2008-02-01', 'false', 'false', '2021-04-01', null),
(10014, 285, 117.60, 117.60, '2008-03-01', '2008-03-01', 'false', 'false', '2021-04-01', null),
(10014, 285, 117.60, 117.60, '2008-04-01', '2008-04-01', 'false', 'false', '2021-04-01', null),
(10014, 285, 117.60, 117.60, '2008-05-01', '2008-05-01', 'false', 'false', '2021-04-01', null),
(10014, 285, 117.60, 117.60, '2008-06-01', '2008-06-01', 'false', 'false', '2021-04-01', null),
(10018, 287, 237.69, 237.69, '1987-07-01', '1987-07-01', 'false', 'false', '2021-04-01', null),
(10018, 287, 237.69, 237.69, '1987-08-01', '1987-08-01', 'false', 'false', '2021-04-01', null),
(10018, 287, 237.69, 237.69, '1987-09-01', '1987-09-01', 'false', 'false', '2021-04-01', null),
(10018, 287, 237.69, 237.69, '1987-10-01', '1987-10-01', 'false', 'false', '2021-04-01', null),
(10018, 287, 237.69, 237.69, '1987-11-01', '1987-11-01', 'false', 'false', '2021-04-01', null),
(10018, 287, 237.69, 237.69, '1987-12-01', '1987-12-01', 'false', 'false', '2021-04-01', null),
(10018, 287, 237.69, 237.69, '1988-01-01', '1988-01-01', 'false', 'false', '2021-04-01', null),
(10018, 287, 237.69, 237.69, '1988-02-01', '1988-02-01', 'false', 'false', '2021-04-01', null),
(10018, 287, 237.69, 237.69, '1988-03-01', '1988-03-01', 'false', 'false', '2021-04-01', null),
(10018, 287, 237.69, 237.69, '1988-04-01', '1988-04-01', 'false', 'false', '2021-04-01', null),
(10018, 287, 237.69, 237.69, '1988-05-01', '1988-05-01', 'false', 'false', '2021-04-01', null),
(10018, 287, 237.69, 237.69, '1988-06-01', '1988-06-01', 'false', 'false', '2021-04-01', null),
(10018, 287, 237.69, 237.69, '1988-07-01', '1988-07-01', 'false', 'false', '2021-04-01', null),
(10018, 287, 237.69, 237.69, '1988-08-01', '1988-08-01', 'false', 'false', '2021-04-01', null),
(10018, 287, 237.69, 237.69, '1988-09-01', '1988-09-01', 'false', 'false', '2021-04-01', null),
(10018, 287, 237.69, 237.69, '1988-10-01', '1988-10-01', 'false', 'false', '2021-04-01', null),
(10018, 287, 237.69, 237.69, '1988-11-01', '1988-11-01', 'false', 'false', '2021-04-01', null),
(10018, 287, 237.69, 237.69, '1988-12-01', '1988-12-01', 'false', 'false', '2021-04-01', null),
(10018, 287, 237.69, 237.69, '1989-01-01', '1989-01-01', 'false', 'false', '2021-04-01', null),
(10018, 287, 237.69, 237.69, '1989-02-01', '1989-02-01', 'false', 'false', '2021-04-01', null),
(10018, 287, 237.69, 237.69, '1989-03-01', '1989-03-01', 'false', 'false', '2021-04-01', null),
(10018, 287, 237.69, 237.69, '1989-04-01', '1989-04-01', 'false', 'false', '2021-04-01', null),
(10018, 287, 237.69, 237.69, '1989-05-01', '1989-05-01', 'false', 'false', '2021-04-01', null),
(10018, 287, 237.69, 237.69, '1989-06-01', '1989-06-01', 'false', 'false', '2021-04-01', null),
(10018, 287, 237.69, 237.69, '1989-07-01', '1989-07-01', 'false', 'false', '2021-04-01', null),
(10018, 287, 237.69, 237.69, '1989-08-01', '1989-08-01', 'false', 'false', '2021-04-01', null),
(10018, 287, 237.69, 237.69, '1989-09-01', '1989-09-01', 'false', 'false', '2021-04-01', null),
(10018, 287, 237.69, 237.69, '1989-10-01', '1989-10-01', 'false', 'false', '2021-04-01', null),
(10018, 287, 237.69, 237.69, '1989-11-01', '1989-11-01', 'false', 'false', '2021-04-01', null),
(10018, 287, 237.69, 237.69, '1989-12-01', '1989-12-01', 'false', 'false', '2021-04-01', null),
(10018, 287, 237.69, 237.69, '1990-01-01', '1990-01-01', 'false', 'false', '2021-04-01', null),
(10018, 287, 237.69, 237.69, '1990-02-01', '1990-02-01', 'false', 'false', '2021-04-01', null),
(10018, 287, 237.69, 237.69, '1990-03-01', '1990-03-01', 'false', 'false', '2021-04-01', null),
(10018, 287, 237.69, 237.69, '1990-04-01', '1990-04-01', 'false', 'false', '2021-04-01', null),
(10018, 287, 237.69, 237.69, '1990-05-01', '1990-05-01', 'false', 'false', '2021-04-01', null),
(10018, 287, 237.69, 237.69, '1990-06-01', '1990-06-01', 'false', 'false', '2021-04-01', null),
(10018, 287, 237.69, 237.69, '1990-07-01', '1990-07-01', 'false', 'false', '2021-04-01', null),
(10019, 288, 140.00, 140.00, '2005-10-01', '2005-10-01', 'false', 'false', '2021-04-01', null),
(10019, 288, 140.00, 140.00, '2005-11-01', '2005-11-01', 'false', 'false', '2021-04-01', null),
(10019, 288, 140.00, 140.00, '2005-12-01', '2005-12-01', 'false', 'false', '2021-04-01', null),
(10019, 288, 140.00, 140.00, '2006-01-01', '2006-01-01', 'false', 'false', '2021-04-01', null),
(10019, 288, 140.00, 140.00, '2006-02-01', '2006-02-01', 'false', 'false', '2021-04-01', null),
(10019, 288, 140.00, 140.00, '2006-03-01', '2006-03-01', 'false', 'false', '2021-04-01', null),
(10019, 288, 140.00, 140.00, '2006-04-01', '2006-04-01', 'false', 'false', '2021-04-01', null),
(10019, 288, 140.00, 140.00, '2006-05-01', '2006-05-01', 'false', 'false', '2021-04-01', null),
(10019, 288, 140.00, 140.00, '2006-06-01', '2006-06-01', 'false', 'false', '2021-04-01', null),
(10019, 288, 140.00, 140.00, '2006-07-01', '2006-07-01', 'false', 'false', '2021-04-01', null),
(10019, 288, 140.00, 140.00, '2006-08-01', '2006-08-01', 'false', 'false', '2021-04-01', null),
(10019, 288, 140.00, 140.00, '2006-09-01', '2006-09-01', 'false', 'false', '2021-04-01', null),
(10019, 288, 140.00, 140.00, '2006-10-01', '2006-10-01', 'false', 'false', '2021-04-01', null),
(10019, 288, 140.00, 140.00, '2006-11-01', '2006-11-01', 'false', 'false', '2021-04-01', null),
(10019, 288, 140.00, 140.00, '2006-12-01', '2006-12-01', 'false', 'false', '2021-04-01', null),
(10019, 288, 140.00, 140.00, '2007-01-01', '2007-01-01', 'false', 'false', '2021-04-01', null),
(10019, 288, 140.00, 140.00, '2007-02-01', '2007-02-01', 'false', 'false', '2021-04-01', null),
(10019, 288, 140.00, 140.00, '2007-03-01', '2007-03-01', 'false', 'false', '2021-04-01', null),
(10019, 288, 140.00, 140.00, '2007-04-01', '2007-04-01', 'false', 'false', '2021-04-01', null),
(10019, 288, 140.00, 140.00, '2007-05-01', '2007-05-01', 'false', 'false', '2021-04-01', null),
(10019, 288, 140.00, 140.00, '2007-06-01', '2007-06-01', 'false', 'false', '2021-04-01', null),
(10019, 288, 140.00, 140.00, '2007-07-01', '2007-07-01', 'false', 'false', '2021-04-01', null),
(10019, 288, 140.00, 140.00, '2007-08-01', '2007-08-01', 'false', 'false', '2021-04-01', null),
(10019, 288, 140.00, 140.00, '2007-09-01', '2007-09-01', 'false', 'false', '2021-04-01', null),
(10019, 288, 140.00, 140.00, '2007-10-01', '2007-10-01', 'false', 'false', '2021-04-01', null),
(10019, 288, 140.00, 140.00, '2007-11-01', '2007-11-01', 'false', 'false', '2021-04-01', null),
(10019, 288, 140.00, 140.00, '2007-12-01', '2007-12-01', 'false', 'false', '2021-04-01', null),
(10019, 288, 140.00, 140.00, '2008-01-01', '2008-01-01', 'false', 'false', '2021-04-01', null),
(10019, 288, 140.00, 140.00, '2008-02-01', '2008-02-01', 'false', 'false', '2021-04-01', null),
(10019, 288, 140.00, 140.00, '2008-03-01', '2008-03-01', 'false', 'false', '2021-04-01', null),
(10019, 288, 140.00, 140.00, '2008-04-01', '2008-04-01', 'false', 'false', '2021-04-01', null),
(10019, 288, 140.00, 140.00, '2008-05-01', '2008-05-01', 'false', 'false', '2021-04-01', null),
(10019, 288, 140.00, 140.00, '2008-06-01', '2008-06-01', 'false', 'false', '2021-04-01', null),
(10019, 288, 140.00, 140.00, '2008-07-01', '2008-07-01', 'false', 'false', '2021-04-01', null),
(10019, 288, 140.00, 140.00, '2008-08-01', '2008-08-01', 'false', 'false', '2021-04-01', null),
(10019, 288, 140.00, 140.00, '2008-09-01', '2008-09-01', 'false', 'false', '2021-04-01', null),
(10019, 288, 140.00, 140.00, '2008-10-01', '2008-10-01', 'false', 'false', '2021-04-01', null),
(10002, 3891, 111.78, 111.78, '2018-10-01', '2018-10-01', 'false', 'false', '2021-04-01', null),
(10002, 3891, 111.78, 111.78, '2018-11-01', '2018-11-01', 'false', 'false', '2021-04-01', null),
(10002, 3891, 111.78, 111.78, '2018-12-01', '2018-12-01', 'false', 'false', '2021-04-01', null),
(10002, 3891, 111.78, 111.78, '2019-01-01', '2019-01-01', 'false', 'false', '2021-04-01', null),
(10002, 3891, 111.78, 111.78, '2019-02-01', '2019-02-01', 'false', 'false', '2021-04-01', null),
(10002, 3891, 111.78, 111.78, '2019-03-01', '2019-03-01', 'false', 'false', '2021-04-01', null),
(10002, 3891, 111.78, 111.78, '2019-04-01', '2019-04-01', 'false', 'false', '2021-04-01', null),
(10002, 3891, 111.78, 111.78, '2019-05-01', '2019-05-01', 'false', 'false', '2021-04-01', null),
(10002, 3891, 111.78, 111.78, '2019-06-01', '2019-06-01', 'false', 'false', '2021-04-01', null),
(10002, 3891, 111.78, 111.78, '2019-07-01', '2019-07-01', 'false', 'false', '2021-04-01', null),
(10002, 3891, 111.78, 111.78, '2019-08-01', '2019-08-01', 'false', 'false', '2021-04-01', null),
(10002, 3891, 111.78, 111.78, '2019-09-01', '2019-09-01', 'false', 'false', '2021-04-01', null),
(10002, 3891, 111.78, 111.78, '2019-10-01', '2019-10-01', 'false', 'false', '2021-04-01', null),
(10002, 3891, 111.78, 111.78, '2019-11-01', '2019-11-01', 'false', 'false', '2021-04-01', null),
(10002, 3891, 111.78, 111.78, '2019-12-01', '2019-12-01', 'false', 'false', '2021-04-01', null),
(10002, 3891, 111.78, 111.78, '2020-01-01', '2020-01-01', 'false', 'false', '2021-04-01', null),
(10002, 3891, 111.78, 111.78, '2020-02-01', '2020-02-01', 'false', 'false', '2021-04-01', null),
(10002, 3891, 111.78, 111.78, '2020-03-01', '2020-03-01', 'false', 'false', '2021-04-01', null),
(10002, 3891, 111.78, 111.78, '2020-04-01', '2020-04-01', 'false', 'false', '2021-04-01', null),
(10004, 3892, 27.97, 27.97, '2018-10-01', '2018-10-01', 'true', 'false', '2021-04-01', null),
(10004, 3892, 27.97, 27.97, '2018-11-01', '2018-11-01', 'true', 'false', '2021-04-01', null),
(10004, 3892, 27.97, 27.97, '2018-12-01', '2018-12-01', 'true', 'false', '2021-04-01', null),
(10004, 3892, 27.97, 27.97, '2019-01-01', '2019-01-01', 'true', 'false', '2021-04-01', null),
(10004, 3892, 27.97, 27.97, '2019-02-01', '2019-02-01', 'true', 'false', '2021-04-01', null),
(10004, 3892, 27.97, 27.97, '2019-03-01', '2019-03-01', 'true', 'false', '2021-04-01', null),
(10004, 3892, 27.97, 27.97, '2019-04-01', '2019-04-01', 'true', 'false', '2021-04-01', null),
(10004, 3892, 27.97, 27.97, '2019-05-01', '2019-05-01', 'true', 'false', '2021-04-01', null),
(10004, 3892, 27.97, 27.97, '2019-06-01', '2019-06-01', 'true', 'false', '2021-04-01', null),
(10004, 3892, 27.97, 27.97, '2019-07-01', '2019-07-01', 'true', 'false', '2021-04-01', null),
(10004, 3892, 27.97, 27.97, '2019-08-01', '2019-08-01', 'true', 'false', '2021-04-01', null),
(10004, 3892, 27.97, 27.97, '2019-10-01', '2019-10-01', 'true', 'false', '2021-04-01', null),
(10004, 3892, 27.97, 27.97, '2019-11-01', '2019-11-01', 'true', 'false', '2021-04-01', null),
(10004, 3892, 27.97, 27.97, '2019-12-01', '2019-12-01', 'true', 'false', '2021-04-01', null),
(10004, 3892, 27.97, 27.97, '2020-01-01', '2020-01-01', 'true', 'false', '2021-04-01', null),
(10004, 3892, 27.97, 27.97, '2020-02-01', '2020-02-01', 'true', 'false', '2021-04-01', null),
(10004, 3892, 27.97, 27.97, '2020-03-01', '2020-03-01', 'true', 'false', '2021-04-01', null),
(10004, 3892, 27.97, 27.97, '2020-04-01', '2020-04-01', 'true', 'false', '2021-04-01', null),
(10006, 3893, 111.42, 111.42, '2018-11-01', '2018-11-01', 'false', 'false', '2021-04-01', null),
(10006, 3893, 111.42, 111.42, '2018-12-01', '2018-12-01', 'false', 'false', '2021-04-01', null),
(10006, 3893, 111.42, 111.42, '2019-01-01', '2019-01-01', 'false', 'false', '2021-04-01', null),
(10006, 3893, 111.42, 111.42, '2019-02-01', '2019-02-01', 'false', 'false', '2021-04-01', null),
(10006, 3893, 111.42, 111.42, '2019-03-01', '2019-03-01', 'false', 'false', '2021-04-01', null),
(10006, 3893, 111.42, 111.42, '2019-04-01', '2019-04-01', 'false', 'false', '2021-04-01', null),
(10006, 3893, 111.42, 111.42, '2019-05-01', '2019-05-01', 'false', 'false', '2021-04-01', null),
(10006, 3893, 111.42, 111.42, '2019-06-01', '2019-06-01', 'false', 'false', '2021-04-01', null),
(10006, 3893, 111.42, 111.42, '2019-07-01', '2019-07-01', 'false', 'false', '2021-04-01', null),
(10006, 3893, 111.42, 111.42, '2019-08-01', '2019-08-01', 'false', 'false', '2021-04-01', null),
(10006, 3893, 111.42, 111.42, '2019-09-01', '2019-09-01', 'false', 'false', '2021-04-01', null),
(10006, 3893, 111.42, 111.42, '2019-10-01', '2019-10-01', 'false', 'false', '2021-04-01', null),
(10006, 3893, 111.42, 111.42, '2019-11-01', '2019-11-01', 'false', 'false', '2021-04-01', null),
(10006, 3893, 111.42, 111.42, '2019-12-01', '2019-12-01', 'false', 'false', '2021-04-01', null),
(10006, 3893, 111.42, 111.42, '2020-01-01', '2020-01-01', 'false', 'false', '2021-04-01', null),
(10006, 3893, 111.42, 111.42, '2020-02-01', '2020-02-01', 'false', 'false', '2021-04-01', null),
(10006, 3893, 111.42, 111.42, '2020-03-01', '2020-03-01', 'false', 'false', '2021-04-01', null),
(10006, 3893, 111.42, 111.42, '2020-04-01', '2020-04-01', 'false', 'false', '2021-04-01', null),
(10006, 3893, 111.42, 111.42, '2020-05-01', '2020-05-01', 'false', 'false', '2021-04-01', null),
(10007, 249, 83.93, null, '2021-06-01', null, 'false', 'false', '2021-04-01', null),
(10007, 249, 83.93, null, '2021-07-01', null, 'false', 'false', '2021-04-01', null),
(10007, 249, 83.93, null, '2021-08-01', null, 'false', 'false', '2021-04-01', null),
(10007, 249, 83.93, null, '2021-09-01', null, 'false', 'false', '2021-04-01', null),
(10007, 249, 83.93, null, '2021-10-01', null, 'false', 'false', '2021-04-01', null),
(10004, 3892, 27.97, 22.38, '2019-09-01', '2019-09-01', 'true', 'false', '2021-04-01', null),
(10007, 249, 83.93, null, '2021-11-01', null, 'false', 'false', '2021-04-01', null),
(10007, 249, 83.93, null, '2021-12-01', null, 'false', 'false', '2021-04-01', null),
(10007, 249, 83.93, null, '2022-01-01', null, 'false', 'false', '2021-04-01', null),
(10007, 249, 83.93, null, '2022-02-01', null, 'false', 'false', '2021-04-01', null),
(10007, 249, 83.93, null, '2022-03-01', null, 'false', 'false', '2021-04-01', null),
(10007, 249, 83.93, null, '2022-04-01', null, 'false', 'false', '2021-04-01', null),
(10009, 250, 210.27, null, '2021-05-01', null, 'true', 'false', '2021-04-01', null),
(10009, 250, 210.27, null, '2021-06-01', null, 'true', 'false', '2021-04-01', null),
(10009, 250, 210.27, null, '2021-07-01', null, 'true', 'false', '2021-04-01', null),
(10009, 250, 210.27, null, '2021-08-01', null, 'true', 'false', '2021-04-01', null),
(10009, 250, 210.27, null, '2021-10-01', null, 'true', 'false', '2021-04-01', null),
(10009, 250, 210.27, null, '2021-11-01', null, 'true', 'false', '2021-04-01', null),
(10009, 250, 210.27, null, '2021-12-01', null, 'true', 'false', '2021-04-01', null),
(10009, 250, 210.27, null, '2022-01-01', null, 'true', 'false', '2021-04-01', null),
(10009, 250, 210.27, null, '2022-02-01', null, 'true', 'false', '2021-04-01', null),
(10004, 3892, 27.97, 22.38, '2019-09-01', '2019-09-01', 'true', 'false', '2021-04-01', null);